id,price
1,51935.88
2,54195.97
3,22355.52
4,2638.96
5,5704.38
6,6343.02
7,4401.0725
8,14263.97
9,4468.79
10,20271.47
11,4971.35
12,5013.21
13,4316.62
14,54776.52
15,39284.6
16,54794.26
17,54687.31
18,6320.11
19,64628.87
20,7185.05
21,5712.02
22,60801.49666666666
23,45459.84
24,5759.09
25,5017.76
26,4442.73
27,6322.88
28,5430.96
29,4141.26
30,6417.81
31,6115.91
32,65431.31
33,60097.89
34,51933.29
35,12004.31
36,6064.89
37,6024.94
38,47301.74
39,5501.18
40,2202.16
41,9320.64
42,77762.39
43,5621.15
44,3660.5
45,12761.57
46,3021.39
47,6238.93
48,13005.16
49,68420.01666666666
50,6274.57
51,5692.37
52,3328.19
53,6111.23
54,4369.93
55,7862.37
56,2940.48
57,4281.51
58,53753.22
59,3422.88
60,64090.56
61,10302.28
62,54055.47
63,6987.66
64,10804.48
65,56207.03
66,63864.51
67,45672.83
68,10614.24
69,46806.43
70,45096.37
71,6031.48
72,6857.66
73,10580.84
74,7792.91
75,12421.96
76,6145.45
77,5978.71
78,3371.42
79,63302.0
80,11355.01
81,5147.5
82,6152.12
83,7530.98
84,5528.23
85,33094.98
86,59353.31
87,4793.93
88,13667.74
89,59996.14
90,4644.72
91,4707.08
92,63408.36
93,56319.31
94,65450.09
95,57498.87
96,5895.56
97,5770.19
98,21113.03
99,6287.69
100,68096.7
101,5006.46
102,7991.96
103,7198.03
104,2580.6
105,8661.81
106,9952.44
107,53396.47
108,55208.23
109,49944.52
110,2415.44
111,53089.58
112,55657.18
113,9417.08
114,2326.78
115,3277.96
116,3237.66
117,5712.78
118,3089.78
119,6087.28
120,14916.96
121,49660.43
122,12635.82
123,5809.05
124,46089.72
125,5812.32
126,5103.5
127,6619.19
128,12259.13
129,66544.0
130,5027.27
131,5844.5
132,60572.27
133,6107.78
134,6194.85
135,4072.84
136,43562.25
137,5327.04
138,7083.39
139,4088.05
140,4999.51
141,3637.54
142,52147.52
143,7166.55
144,1711.12
145,54800.36
146,2901.55
147,6269.87
148,16682.52
149,6169.41
150,4824.16
151,8773.72
152,62985.18
153,5662.41
154,7422.8
155,61764.81
156,6361.64
157,7641.02
158,5907.84
159,6422.31
160,4794.42
161,53964.43
162,6468.09
163,68502.66
164,8011.98
165,58449.66
166,36479.95
167,56163.77
168,5084.31
169,11347.39
170,51000.42
171,2192.07
172,8058.91
173,51700.54
174,55261.84
175,5248.54
176,69971.65
177,4489.99
178,4336.53
179,5163.03
180,65174.32
181,28296.54
182,7427.49
183,12494.27
184,5768.86
185,24833.28
186,6659.44
187,9100.01
188,52788.81
189,16308.32
190,4557.015
191,53365.63
192,3677.3
193,54992.55
194,5880.05
195,4410.51
196,5930.78
197,2529.55
198,15573.26
199,12842.59
200,58070.11
201,69825.25
202,12896.0
203,4520.62
204,7310.67
205,60681.09
206,59114.08
207,4183.54
208,45145.91
209,49014.92
210,9175.94
211,57503.01
212,40876.26
213,4663.58
214,5635.55
215,6673.8
216,49758.74
217,5202.52
218,31708.2
219,6505.35
220,3452.09
221,4060.74
222,4647.74
223,22265.78
224,53852.76
225,53138.36
226,12628.87
227,7811.09
228,10208.54
229,5192.6
230,60637.18
231,4956.56
232,6377.78
233,14304.73
234,12990.12
235,3927.06
236,6423.07
237,2845.47
238,3993.15
239,2385.65
240,11047.28
241,61681.99
242,50807.39
243,4058.6
244,59289.22
245,8552.41
246,49357.94
247,55699.42
248,5062.665
249,5644.43
250,64954.5
251,8912.27
252,5691.65
253,50698.32
254,11010.09
255,6686.21
256,70267.8
257,4965.88
258,3001.61
259,4507.58
260,55208.23
261,3870.69
262,5889.75
263,52384.76
264,4579.97
265,7801.79
266,2355.53
267,42210.79
268,48044.47
269,45259.22
270,8005.35
271,6325.82
272,7200.93
273,50839.7
274,31568.73
275,2418.43
276,8968.54
277,28045.63
278,7235.12
279,32740.05
280,6261.68
281,39381.69
282,5525.64
283,5833.49
284,6434.03
285,49792.53
286,8264.62
287,42135.24
288,5707.0
289,62350.57
290,1784.19
291,2034.12
292,6472.11
293,8265.95
294,6348.77
295,5106.52
296,4021.36
297,49091.92
298,14636.83
299,7798.88
300,5266.16
301,62397.05
302,2691.78
303,7299.0
304,11249.95
305,52314.67
306,5723.39
307,50747.67
308,5228.12
309,56828.52
310,12393.73
311,5131.47
312,53349.94
313,4340.51
314,2507.15
315,4145.08
316,34841.14
317,3982.935
318,6057.55
319,9686.223333333333
320,3873.05
321,4617.49
322,61124.9
323,5357.54
324,3548.91
325,6416.19
326,12083.81
327,6560.92
328,5070.95
329,5965.44
330,4384.62
331,12335.99
332,8165.73
333,67477.36
334,5147.17
335,7219.33
336,11489.82
337,4649.94
338,22203.94
339,13669.79
340,49770.08
341,46730.23
342,49460.71
343,4349.44
344,5840.96
345,13511.01
346,64691.34
347,3417.02
348,3572.93
349,5964.13
350,10811.15
351,4277.75
352,5949.0
353,4549.34
354,4495.33
355,4752.56
356,75185.38
357,46551.3
358,4601.44
359,4581.32
360,48241.5
361,57298.44
362,6211.82
363,50201.84
364,2460.47
365,61790.51
366,29819.21
367,4154.15
368,5097.1
369,6749.96
370,6757.96
371,5617.3
372,4540.37
373,6066.6
374,6346.96
375,11702.84
376,50397.9
377,5665.93
378,59698.71
379,6088.49
380,2131.42
381,63132.51
382,7345.26
383,7539.09
384,4708.17
385,7059.08
386,63333.53
387,60538.28
388,4889.12
389,52259.35
390,59202.29
391,58792.21
392,66370.14
393,6694.86
394,56808.73
395,69522.15
396,56967.11
397,53414.37
398,4533.45
399,4564.27
400,3768.65
401,8845.91
402,6963.09
403,8105.1
404,57607.11
405,41665.1
406,4522.42
407,5307.13
408,66416.84
409,6468.94
410,3933.38
411,6740.23
412,51502.71
413,7741.1
414,6241.67
415,4859.42
416,2514.33
417,28067.72
418,6421.43
419,55032.88
420,11316.64
421,4513.64
422,4676.78
423,4092.23
424,58552.49
425,15929.07
426,3944.6
427,3396.4
428,11950.59
429,2150.51
430,6048.86
431,49627.97
432,6375.31
433,6641.77
434,60267.35
435,2204.59
436,5780.21
437,12913.44
438,11751.45
439,6009.36
440,64205.63
441,9189.63
442,57401.91
443,5852.61
444,4114.55
445,4815.62
446,49725.0
447,56519.97
448,8771.0
449,4081.38
450,49030.77
451,49883.46
452,46993.45
453,5219.89
454,5605.68
455,5349.37
456,2226.45
457,49458.97
458,40248.09
459,11841.88
460,6289.47
461,4776.31
462,6039.45
463,4514.99
464,4907.84
465,1621.04
466,2154.53
467,6295.25
468,5300.5975
469,4849.84
470,9752.03
471,11246.39
472,9390.78
473,4707.51
474,6135.63
475,4945.34
476,11501.47
477,12451.55
478,4551.21
479,13884.09
480,28960.7
481,5829.77
482,5454.705
483,2845.47
484,3173.51
485,10887.08
486,6058.62
487,63283.07
488,4823.45
489,50160.1
490,7286.75
491,50439.26
492,5132.14
493,60053.54
494,52606.25
495,5887.95
496,35159.73
497,5672.69
498,4970.48
499,57719.49
500,47811.79
501,4475.84
502,4436.94
503,63823.2
504,44659.71
505,49449.21
506,8628.49
507,5400.23
508,32282.15
509,2675.09
510,55378.48
511,5748.3
512,6219.23
513,38079.66
514,6590.4
515,58271.56
516,67954.33
517,3372.77
518,46352.66
519,4432.76
520,5816.85
521,76375.48
522,54398.59
523,5157.75
524,5002.0
525,6495.74
526,7198.94
527,6704.21
528,2821.71
529,6165.68
530,17440.71
531,51148.05
532,4000.17
533,57031.26
534,11173.18
535,10889.01
536,60999.84
537,55688.81
538,4924.11
539,4946.97
540,3773.47
541,5554.16
542,2924.55
543,10384.86
544,54281.69
545,78863.81866666667
546,51567.98
547,3906.51
548,10400.5
549,69298.19
550,4719.62
551,55216.98
552,5787.04
553,5682.99
554,5529.19
555,5328.99
556,6317.6
557,61834.77
558,52072.35
559,5613.23
560,41254.19
561,44798.35
562,2845.98
563,5668.9
564,3072.1
565,4620.92
566,49981.09
567,11376.43
568,8283.87
569,8003.01
570,6359.33
571,5075.48
572,16746.27
573,11421.41
574,3923.78
575,46475.21
576,5084.31
577,52943.37
578,3882.46
579,50051.8
580,63999.74
581,37424.3
582,4789.74
583,2350.5
584,2205.67
585,6436.52
586,57669.96
587,12375.53
588,69317.84
589,4321.55
590,3166.19
591,7328.95
592,59736.32
593,68155.85
594,5651.55
595,14080.18
596,64073.1
597,5260.02
598,2706.9
599,11775.49
600,38849.91
601,6206.7
602,4924.31
603,3931.24
604,7193.59
605,53499.47
606,6492.07
607,66938.09
608,34961.21
609,3900.75
610,6819.06
611,50230.02
612,4571.62
613,67133.64
614,8005.59
615,6583.74
616,6529.54
617,4178.09
618,16456.2
619,60469.75
620,52298.54
621,69846.62
622,6153.87
623,6405.45
624,12594.36
625,4096.38
626,4882.38
627,42126.99
628,53224.44
629,5481.84
630,56031.43
631,7863.49
632,71747.47
633,4927.35
634,5155.34
635,4038.84
636,4983.27
637,7575.84
638,53460.42
639,3138.45
640,55674.64
641,39531.04
642,8463.06
643,4129.78
644,3922.05
645,4223.26
646,58779.64
647,75766.33
648,2851.09
649,11392.53
650,8156.21
651,48964.86
652,3872.97
653,66300.02
654,59465.64
655,6575.25
656,6820.78
657,3404.5
658,10755.07
659,59996.3
660,5930.8
661,6087.57
662,4998.36
663,3345.31
664,11993.57
665,5862.46
666,5832.24
667,11827.81
668,5203.39
669,4365.24
670,4406.0
671,62533.06
672,9819.12
673,5631.32
674,27808.12
675,57968.9
676,60595.19
677,35119.43
678,4578.61
679,14263.46
680,9472.53
681,5431.22
682,4782.2
683,7505.87
684,6895.38
685,6216.73
686,8093.21
687,13309.57
688,4766.31
689,4782.06
690,9779.45
691,3747.2
692,52405.41
693,7715.07
694,6708.43
695,5674.92
696,6061.59
697,7020.15
698,2950.03
699,11288.68
700,4476.99
701,62468.27
702,2865.5
703,3736.7
704,6698.68
705,51097.73
706,4052.52
707,51582.46
708,3679.08
709,3401.29
710,50636.89
711,11892.83
712,55175.96
713,39316.47
714,4736.02
715,55120.75
716,6004.94
717,7809.95
718,10637.7
719,29489.62
720,6374.23
721,58476.82
722,56812.77
723,54109.02
724,10025.61
725,46232.32
726,56357.61
727,6427.78
728,3393.18
729,5889.87
730,75531.22
731,28228.67
732,5567.92
733,5225.54
734,3655.65
735,52215.75
736,6272.98
737,3838.06
738,4626.94
739,60159.3
740,49036.52
741,57550.5
742,57681.64
743,4327.08
744,63965.33
745,11944.8
746,5498.38
747,67574.08
748,7947.0
749,55993.85
750,58126.55
751,7026.79
752,4391.3
753,5556.52
754,4300.04
755,4724.61
756,59270.96
757,45289.86
758,5641.87
759,52414.41
760,4346.73
761,8186.41
762,4933.45
763,7691.92
764,6616.04
765,56370.56
766,4552.8
767,67959.39
768,7934.65
769,5144.75
770,6255.55
771,5273.78
772,51910.02
773,80752.08
774,5774.91
775,4756.3615
776,46721.2
777,50066.81
778,6070.08
779,4284.63
780,2466.65
781,4931.03
782,43520.16
783,5948.96
784,22344.92
785,8065.64
786,6412.65
787,13788.38
788,5091.47
789,71727.35
790,16738.33
791,43271.15
792,34638.66
793,3824.18
794,31057.12
795,23781.74
796,64727.36
797,5608.29
798,7853.06
799,7311.145
800,1730.31
801,16844.22
802,4882.63
803,5549.92
804,51891.35
805,6257.38
806,25414.39
807,78770.48
808,13104.32
809,45872.66
810,8274.69
811,45902.2
812,6565.42
813,5030.98
814,55672.92
815,7907.56
816,8708.87
817,6463.73
818,5021.09
819,5164.11
820,56996.95
821,50959.1
822,5288.37
823,24130.72
824,50112.15
825,47311.02
826,5797.89
827,53916.51
828,2515.64
829,45716.13
830,6996.38
831,10424.35
832,4812.075
833,56589.64
834,63893.05
835,5731.44
836,4223.23
837,41851.55
838,14005.1
839,5820.85
840,12157.31
841,60267.68
842,50891.36
843,2365.93
844,23962.88
845,5914.84
846,68920.29333333333
847,44161.77
848,9842.44
849,6065.24
850,14326.18
851,4456.64
852,7488.49
853,4971.4
854,53293.91
855,19145.13
856,5429.55
857,54684.0
858,5292.26
859,5827.86
860,7855.98
861,4984.79
862,2881.88
863,52132.67
864,6801.77
865,2902.81
866,11877.88
867,42305.39
868,2124.77
869,3992.09
870,65186.15
871,5613.62
872,17814.44
873,45248.54
874,7870.18
875,67863.51
876,5740.13
877,3374.15
878,47004.18
879,4245.41
880,65568.17
881,5308.88
882,4555.31
883,8661.78
884,5037.54
885,6437.84
886,5675.43
887,4181.64
888,48160.59
889,40015.44
890,2204.9
891,5407.19
892,2230.28
893,3186.64
894,56758.39
895,8647.87
896,68584.7
897,5611.18
898,58416.83
899,5673.28
900,5696.46
901,62832.05
902,45163.71
903,9801.57
904,5007.52
905,5547.21
906,6327.65
907,62973.82666666666
908,64187.25
909,5668.7
910,6214.46
911,5836.85
912,4655.44
913,64238.64
914,4192.08
915,5931.39
916,51794.63
917,5832.55
918,32793.28
919,3470.71
920,12399.4
921,64342.12
922,13671.84
923,55695.28
924,4637.22
925,53162.63
926,4612.81
927,75140.63
928,4549.88
929,31418.66
930,12945.73
931,11154.86
932,3040.34
933,49923.96
934,6413.27
935,4520.16
936,4389.7017857142855
937,5526.94
938,43880.3
939,14797.38
940,5686.17
941,4989.19
942,60062.53
943,6234.99
944,4629.63
945,2426.67
946,9254.23
947,57393.49
948,2312.61
949,72674.17
950,53810.76
951,44037.0
952,55217.87
953,2966.2
954,13169.6
955,4558.33
956,51033.17
957,5970.54
958,8582.26
959,2971.31
960,63920.66
961,54343.96
962,5556.98
963,11822.37
964,5314.6
965,5678.34
966,5761.03
967,66768.23
968,10811.91
969,4666.46
970,3946.26
971,6669.23
972,61596.33
973,4018.35
974,49454.32
975,61149.11
976,58208.02
977,4375.05
978,74493.81
979,5698.74
980,6619.3
981,11043.99
982,56733.02
983,5809.23
984,5677.02
985,5460.61
986,6633.83
987,12866.21
988,5682.19
989,3856.54
990,7179.7
991,62840.36
992,56182.28
993,6868.38
994,54149.63
995,12251.6
996,3627.18
997,5412.21
998,6417.15
999,6319.57
1000,4460.73
1001,3608.75
1002,10976.09
1003,59317.78
1004,4514.17
1005,12255.45
1006,11502.64
1007,5045.97
1008,4215.38
1009,21169.28
1010,2565.97
1011,36453.3
1012,50918.72
1013,4449.67
1014,57898.69
1015,64208.39
1016,43127.56
1017,42277.13
1018,10828.85
1019,7953.57
1020,3183.42
1021,9846.25
1022,4582.2
1023,3718.54
1024,51851.84
1025,10394.64
1026,56751.67
1027,4296.47
1028,52784.21
1029,6388.36
1030,54697.74
1031,5606.38
1032,5691.03
1033,41045.8
1034,7442.57
1035,5343.04
1036,28099.53
1037,5175.45
1038,44752.97
1039,4436.41
1040,3080.25
1041,62118.51
1042,33907.52
1043,10193.06
1044,6182.38
1045,5591.36
1046,62066.15
1047,43884.15
1048,4453.93
1049,5646.29
1050,2107.05
1051,3214.33
1052,5560.34
1053,5791.23
1054,58622.94
1055,3308.95
1056,6659.12
1057,9157.12
1058,6930.61
1059,6381.78
1060,3067.66
1061,67513.9
1062,51072.37
1063,4638.59
1064,7391.47
1065,10537.93
1066,5400.3
1067,14973.02
1068,20462.22
1069,46445.93
1070,1937.46
1071,5159.5
1072,48094.84
1073,59252.89
1074,15815.25
1075,12143.76
1076,4660.2
1077,7837.03
1078,4858.53
1079,18899.17
1080,4454.35
1081,46481.33
1082,4766.66
1083,5654.35
1084,11707.17
1085,5738.36
1086,6809.12
1087,10068.83
1088,6075.64
1089,17330.96
1090,6221.8
1091,6203.64
1092,12567.05
1093,5322.86
1094,5140.2
1095,8009.67
1096,48838.28
1097,63290.59
1098,5059.07
1099,4461.22
1100,47976.29
1101,5771.88
1102,14958.08
1103,3443.18
1104,61171.36
1105,2551.88
1106,9974.17
1107,6159.21
1108,7273.74
1109,57187.06
1110,2499.78
1111,12606.64
1112,51231.33
1113,6005.46
1114,59173.3
1115,12865.87
1116,4185.58
1117,60789.58
1118,48384.59
1119,5956.15
1120,3763.89
1121,4698.26
1122,2119.54
1123,5648.27
1124,5155.89
1125,54683.97
1126,6532.54
1127,5352.34
1128,48124.36
1129,5981.08
1130,6012.45
1131,10128.85
1132,6289.24
1133,70802.34
1134,5883.46
1135,5570.32
1136,5850.11
1137,6939.51
1138,28734.4
1139,6059.5
1140,3189.61
1141,5013.55
1142,6682.17
1143,2479.51
1144,6569.05
1145,50987.03
1146,61941.46
1147,11042.64
1148,41336.13
1149,7270.78
1150,2951.5
1151,5405.42
1152,13273.13
1153,4171.0
1154,7247.63
1155,14398.96
1156,7262.4
1157,5487.16
1158,45911.74
1159,5361.96
1160,3077.68
1161,6205.34
1162,5790.8
1163,5864.67
1164,76490.72
1165,5510.119166666666
1166,46221.84
1167,8153.49
1168,5127.83
1169,12556.91
1170,4259.905
1171,6822.32
1172,55783.78
1173,2777.46
1174,6010.43
1175,2917.86
1176,4601.27
1177,2128.4
1178,4858.61
1179,13837.31
1180,4356.69
1181,5732.5
1182,6413.02
1183,48992.09
1184,57731.29
1185,18080.2
1186,6360.68
1187,53496.87
1188,2829.48
1189,5606.02
1190,15011.76
1191,68693.88
1192,56982.88
1193,15214.4
1194,5420.74
1195,4054.3
1196,12597.87
1197,62877.76
1198,13968.36
1199,5741.37
1200,6059.72
1201,11992.8
1202,22166.68
1203,6056.81
1204,51771.81
1205,6373.7
1206,15532.33
1207,4469.06
1208,5415.44
1209,8322.92
1210,5938.55
1211,61753.47
1212,56309.82
1213,4016.96
1214,5108.19
1215,5879.9925
1216,16663.55
1217,3608.55
1218,3253.69
1219,59840.87
1220,27193.28
1221,62577.04
1222,3981.76
1223,4232.72
1224,45718.18
1225,59168.77
1226,4626.24
1227,5546.59
1228,4500.92
1229,12348.03
1230,49564.6
1231,4722.17
1232,5115.41
1233,5117.86
1234,5855.21
1235,59215.91
1236,5272.14
1237,62764.27
1238,4360.35
1239,8747.02
1240,11084.44
1241,51707.0
1242,5729.4
1243,57688.43
1244,5714.54
1245,6193.75
1246,6072.79
1247,5335.8
1248,5037.9
1249,7168.18
1250,7185.42
1251,5319.74
1252,52280.25
1253,57671.83
1254,2398.68
1255,3426.95
1256,54960.14
1257,5379.98
1258,4887.76
1259,5746.24
1260,11103.14
1261,4404.1
1262,9933.74
1263,13307.18
1264,45357.93
1265,3940.7
1266,33848.12
1267,5054.59
1268,7444.63
1269,8354.74
1270,61508.12
1271,7559.11
1272,5107.89
1273,17618.18
1274,11615.82
1275,6605.49
1276,4666.06
1277,74090.78
1278,8305.78
1279,12213.44
1280,62317.28
1281,23952.34
1282,58964.26
1283,4654.31
1284,6406.12
1285,4608.47
1286,47635.31
1287,6799.19
1288,72041.48
1289,5564.11
1290,9585.76
1291,6206.49
1292,49613.52
1293,9840.1
1294,12058.55
1295,6430.27
1296,48186.53
1297,4903.77
1298,11328.64
1299,12737.46
1300,6253.2
1301,8220.16
1302,48960.88
1303,2412.28
1304,4025.82
1305,7347.08
1306,4453.43
1307,5021.45
1308,6989.25
1309,52797.83
1310,82700.51
1311,6352.91
1312,13575.49
1313,49454.55
1314,42102.25
1315,11194.45
1316,13502.37
1317,5405.35
1318,5765.37
1319,2852.54
1320,24312.59
1321,6008.43
1322,8257.76
1323,2124.77
1324,5985.79
1325,53838.72
1326,3593.62
1327,6166.05
1328,65486.47
1329,4815.09
1330,6273.71
1331,6429.08
1332,12698.08
1333,2223.83
1334,11692.32
1335,9217.71
1336,6478.45
1337,40012.04
1338,6626.45
1339,5853.59
1340,7252.04
1341,11612.45
1342,2471.85
1343,2411.08
1344,8308.72
1345,2327.53
1346,67510.4
1347,5531.89
1348,51333.3
1349,5428.66
1350,6336.58
1351,12744.67
1352,10998.82
1353,11215.36
1354,5247.06
1355,8651.8
1356,51012.27
1357,28217.96
1358,12602.03
1359,9342.7
1360,12641.58
1361,4541.71
1362,43603.47
1363,7916.64
1364,11117.72
1365,45380.58
1366,68436.33
1367,11335.33
1368,7084.67
1369,52574.11
1370,50077.98
1371,5139.18
1372,20959.6
1373,6506.57
1374,49460.9
1375,5233.71
1376,10240.69
1377,5212.57
1378,3933.78
1379,4721.26
1380,51737.65
1381,4765.86
1382,71883.79
1383,51761.1
1384,41744.43
1385,6164.59
1386,4377.23
1387,2961.34
1388,5547.33
1389,56790.22
1390,5119.7
1391,51171.41
1392,2196.48
1393,58243.92
1394,50961.85
1395,2666.77
1396,4797.69
1397,6400.26
1398,54270.28
1399,36609.08
1400,66513.02
1401,13969.76
1402,68015.51
1403,6768.56
1404,2423.69
1405,32656.0
1406,9181.87
1407,74882.58
1408,11064.56
1409,4505.43
1410,45846.36
1411,7195.81
1412,6665.68
1413,68175.39
1414,14608.62
1415,57135.36
1416,5791.81
1417,6188.34
1418,2150.0
1419,4983.53
1420,6091.67
1421,55769.74
1422,4880.35
1423,46159.85
1424,6002.87
1425,49829.08
1426,4423.37
1427,8338.26
1428,47857.3
1429,2200.57
1430,4233.46
1431,48201.06
1432,53960.34
1433,3598.86
1434,2228.83
1435,3204.35
1436,69435.99666666666
1437,5904.71
1438,30682.2
1439,56572.03
1440,49365.99
1441,8469.7
1442,64062.305
1443,52397.76
1444,7403.33
1445,60199.86
1446,48889.96
1447,9236.85
1448,43549.48
1449,2926.16
1450,68664.65
1451,3819.78
1452,40506.56
1453,5358.67
1454,6412.0
1455,4468.01
1456,50487.3
1457,57400.91
1458,6346.89
1459,2946.82
1460,3200.44
1461,13567.29
1462,5878.5
1463,49912.31
1464,2950.25
1465,3332.16
1466,2738.21
1467,43720.27
1468,44873.0
1469,52332.06
1470,3474.895
1471,13976.57
1472,15106.95
1473,3986.67
1474,51515.48
1475,3294.21
1476,12903.25
1477,46062.71
1478,5691.16
1479,7951.63
1480,13165.78
1481,42410.6
1482,40158.99
1483,4343.29
1484,4716.33
1485,6970.87
1486,11524.1
1487,7438.89
1488,44509.68
1489,7607.48
1490,8926.2
1491,8231.37
1492,45784.76
1493,49042.96
1494,10235.42
1495,51419.56
1496,62177.51
1497,2589.66
1498,7189.65
1499,5284.15
1500,6090.05
1501,6981.41
1502,8137.37
1503,3952.08
1504,12451.72
1505,4495.28
1506,62149.93
1507,3525.47
1508,57789.84
1509,48677.19
1510,61343.2
1511,6537.48
1512,55247.06
1513,52020.65
1514,6082.83
1515,51069.03
1516,45596.74
1517,4767.56
1518,4960.98
1519,78225.25
1520,5749.51
1521,4649.29
1522,3037.29
1523,5650.17
1524,56503.97
1525,8536.53
1526,12675.63
1527,13321.33
1528,40239.97
1529,6057.13
1530,7690.04
1531,47791.54
1532,6054.89
1533,41332.36
1534,10172.2
1535,9925.61
1536,47034.28
1537,12345.17
1538,13717.77
1539,4020.04
1540,5360.2
1541,5920.36
1542,56489.42
1543,9686.07
1544,43309.83
1545,28282.64
1546,54684.0
1547,25072.57
1548,11448.08
1549,5893.94
1550,46192.85
1551,6179.79
1552,8801.46
1553,70155.92
1554,7897.55
1555,4699.02
1556,5574.41
1557,7125.0
1558,33364.02
1559,11567.65
1560,65464.39
1561,7895.75
1562,4460.2
1563,58927.39
1564,68215.38
1565,7296.55
1566,7361.83
1567,6084.37
1568,7915.95
1569,54143.06
1570,3044.78
1571,9155.82
1572,4100.01
1573,3295.69
1574,19624.66
1575,54450.5
1576,14326.18
1577,7890.23
1578,55105.99
1579,5343.23
1580,6301.02
1581,51037.42
1582,2496.22
1583,71835.0
1584,4540.25
1585,5352.715333333334
1586,12611.12
1587,4297.91
1588,5362.19
1589,45222.61
1590,79686.63
1591,49831.34
1592,5109.87
1593,7917.85
1594,1841.32
1595,8087.02
1596,3058.08
1597,5850.91
1598,22205.76
1599,5449.62
1600,55406.08
1601,10805.44
1602,11879.88
1603,5815.66
1604,11253.44
1605,7401.04
1606,59752.12
1607,5084.24
1608,6018.35
1609,4382.29
1610,50010.09
1611,4075.93
1612,5118.38
1613,5484.99
1614,5433.18
1615,51286.42
1616,50536.65
1617,52429.68
1618,5172.78
1619,6874.11
1620,54258.39
1621,64194.79
1622,4782.44
1623,4715.6
1624,3764.63
1625,6932.06
1626,6805.52
1627,72518.49
1628,8494.96
1629,51261.74
1630,58012.0
1631,10055.61
1632,5755.34
1633,8246.35
1634,5848.52
1635,8326.44
1636,7447.74
1637,11741.75
1638,9737.96
1639,5583.41
1640,5845.13
1641,67897.58
1642,14714.26
1643,14277.58
1644,6768.93
1645,60036.96
1646,6403.97
1647,60524.22
1648,44160.34
1649,5998.3
1650,13086.77
1651,55255.46
1652,11111.39
1653,56321.78
1654,2456.76
1655,16869.49
1656,4704.35
1657,5530.87
1658,57793.66
1659,4965.34
1660,6211.03
1661,51144.16
1662,5609.69
1663,5651.86
1664,56730.22
1665,5379.56
1666,2955.98
1667,11326.27
1668,7447.85
1669,4479.22
1670,50769.76
1671,55270.1
1672,5188.51
1673,5025.06
1674,13376.87
1675,33101.28
1676,60498.1
1677,1961.84
1678,55249.85
1679,5085.08
1680,53411.94
1681,4813.77
1682,53930.63
1683,5970.28
1684,6368.11
1685,4243.86
1686,2446.03
1687,3606.56
1688,5590.97
1689,1923.9
1690,1621.04
1691,5542.3525
1692,5531.74
1693,4513.29
1694,56016.33
1695,2410.67
1696,3958.13
1697,6059.64
1698,4086.58
1699,54342.56
1700,6919.37
1701,5406.95
1702,5801.22
1703,5668.66
1704,2844.72
1705,9729.83
1706,6242.73
1707,5643.43
1708,4475.31
1709,7556.87
1710,5037.02
1711,6818.68
1712,13177.61
1713,5667.3
1714,6017.44
1715,54762.43
1716,5401.68
1717,4535.61
1718,9530.34
1719,2532.25
1720,53306.78
1721,22192.48
1722,6098.53
1723,5971.65
1724,7836.88
1725,68566.4
1726,53792.07
1727,5538.7
1728,52273.64
1729,5236.55
1730,4438.35
1731,61236.76
1732,6024.47
1733,19349.05
1734,5399.28
1735,6075.55
1736,38420.93
1737,55210.68
1738,12451.78
1739,2874.83
1740,4965.0
1741,6015.87
1742,1670.61
1743,2126.85
1744,5923.12
1745,5406.17
1746,2848.75
1747,16220.37
1748,5099.74
1749,51316.94
1750,5106.18
1751,46770.12
1752,10742.32
1753,5162.89
1754,69950.02
1755,6083.13
1756,40320.27
1757,54160.86
1758,7780.66
1759,62407.34
1760,27047.2
1761,56154.23
1762,8067.56
1763,5350.21
1764,2124.0
1765,8479.33
1766,1419.55
1767,4745.8
1768,5598.14
1769,12115.5
1770,6047.18
1771,5110.47
1772,13543.23
1773,61745.19
1774,3859.61
1775,59232.89
1776,8222.08
1777,5281.85
1778,7789.5
1779,1154.0
1780,49250.79
1781,11061.75
1782,4844.8
1783,74575.04
1784,6686.68
1785,47686.32
1786,6598.22
1787,6502.79
1788,6269.06
1789,6245.35
1790,2397.77
1791,4498.76
1792,15418.37
1793,4297.32
1794,8495.91
1795,10066.28
1796,6422.21
1797,5758.1
1798,64779.71
1799,1852.06
1800,5492.35
1801,4819.34
1802,5781.9475
1803,2273.99
1804,62645.15333333334
1805,12483.29
1806,3147.97
1807,6354.01
1808,5618.26
1809,6098.8
1810,72435.73
1811,7842.15
1812,4924.33
1813,80768.88
1814,6551.6
1815,8039.18
1816,6458.06
1817,57802.42
1818,7592.91
1819,2085.78
1820,5534.82
1821,8925.3
1822,51594.83
1823,24834.34
1824,7586.01
1825,14209.73
1826,5842.68
1827,15951.07
1828,54511.05
1829,18584.12
1830,5844.48
1831,22177.86
1832,44630.15
1833,4590.11
1834,5262.25
1835,28112.64
1836,2108.09
1837,6282.9
1838,5087.28
1839,12540.44
1840,68910.32
1841,4548.82
1842,51580.23
1843,58055.97
1844,15834.01
1845,18384.4
1846,6361.55
1847,5761.12
1848,6879.35
1849,7900.08
1850,7333.55
1851,10124.09
1852,6050.85
1853,4680.01
1854,11800.76
1855,6869.31
1856,6133.09
1857,56849.21
1858,10871.53
1859,6285.14
1860,7847.87
1861,5307.92
1862,50489.22
1863,5709.59
1864,3066.36
1865,64000.64
1866,15337.09
1867,5490.53
1868,5212.45
1869,4744.53
1870,6789.58
1871,4359.85
1872,68119.24
1873,11208.82
1874,7669.69
1875,5709.77
1876,6742.32
1877,13366.85
1878,44831.92
1879,5035.54
1880,2397.93
1881,14959.87
1882,8756.96
1883,10287.02
1884,5949.0
1885,2595.14
1886,2620.18
1887,54722.88
1888,7406.54
1889,4551.94
1890,58350.47
1891,6054.97
1892,6372.05
1893,4579.66
1894,5115.6
1895,6085.02
1896,54719.84
1897,10077.47
1898,1993.95
1899,4492.5
1900,8592.7
1901,4902.19
1902,5357.16
1903,7343.16
1904,5300.61
1905,12899.95
1906,51716.48
1907,1658.77
1908,6234.68
1909,6055.03
1910,3558.41
1911,10149.08
1912,7594.46
1913,5116.76
1914,15929.7
1915,7040.71
1916,6079.39
1917,43891.55
1918,6989.22
1919,5028.87
1920,5803.87
1921,6228.49
1922,71698.77
1923,2728.43
1924,64258.02
1925,5996.86
1926,3781.31
1927,56388.48
1928,6435.34
1929,5368.99
1930,2257.8
1931,9016.6
1932,6314.96
1933,11224.47
1934,15032.08
1935,3533.09
1936,58753.28
1937,6845.5
1938,5658.53
1939,4191.72
1940,2486.9
1941,51536.13
1942,11132.92
1943,6658.66
1944,5975.24
1945,47223.21
1946,3585.67
1947,14523.66
1948,5312.27
1949,5178.71
1950,8579.13
1951,2159.79
1952,7391.34
1953,48805.67
1954,9430.38
1955,64220.42
1956,16923.29
1957,5355.33
1958,55359.34
1959,6308.0
1960,5119.16
1961,50977.27
1962,7103.94
1963,43234.31
1964,55437.05
1965,4576.89
1966,34677.69
1967,9860.28
1968,3170.12
1969,15513.28
1970,5993.18
1971,3747.11
1972,2048.53
1973,39436.67
1974,4156.21
1975,12674.48
1976,4089.76
1977,5440.5
1978,52939.16
1979,4524.56
1980,5603.92
1981,5087.9
1982,61916.9
1983,40528.63
1984,4869.78
1985,64440.47
1986,53221.81
1987,10510.05
1988,44771.88
1989,55136.98
1990,48907.56
1991,8512.71
1992,5845.43
1993,4940.6
1994,3942.45
1995,2197.73
1996,1754.41
1997,8635.62
1998,4784.07
1999,2180.05
2000,6659.91
2001,64340.82
2002,4611.09
2003,4249.31
2004,66547.2
2005,2362.57
2006,6551.72
2007,46964.38
2008,33979.02
2009,62282.33
2010,11062.02
2011,6082.185
2012,4915.77
2013,5005.52
2014,14690.06
2015,12201.9
2016,12587.41
2017,10544.15
2018,11382.27
2019,10768.4
2020,4239.57
2021,8314.6
2022,5733.83
2023,6215.48
2024,10535.47
2025,13320.64
2026,6156.05
2027,3015.8
2028,6098.35
2029,8034.64
2030,5078.445
2031,16920.31
2032,49282.7
2033,3057.35
2034,31862.55
2035,42021.34
2036,6502.87
2037,3097.11
2038,53354.84
2039,58036.7295
2040,56669.27
2041,60376.06
2042,6373.93
2043,5110.21
2044,7344.63
2045,52744.27
2046,55856.3
2047,46536.99
2048,4681.55
2049,5466.38
2050,5155.96
2051,2281.23
2052,35957.05
2053,52286.45
2054,6625.0
2055,46077.98
2056,41126.54
2057,59356.39
2058,7302.33
2059,5208.49
2060,4476.67
2061,67134.31
2062,5200.18
2063,5378.17
2064,5452.14
2065,6228.11
2066,5741.63
2067,6434.35
2068,8469.84
2069,8023.59
2070,4851.48
2071,2454.29
2072,64764.12
2073,4766.78
2074,6354.6
2075,65880.53
2076,12196.97
2077,2403.04
2078,7348.78
2079,6015.95
2080,3905.54
2081,50124.65
2082,5649.02
2083,5266.1
2084,2126.34
2085,49736.68
2086,5545.54
2087,67177.68
2088,70175.96266666666
2089,4608.63
2090,4535.1
2091,11726.01
2092,4437.82
2093,4013.06
2094,58971.42
2095,14652.34
2096,56261.03
2097,12226.15
2098,5973.67
2099,52939.64
2100,8485.26
2101,7541.92
2102,3804.18
2103,69795.9
2104,58732.97
2105,49770.81
2106,5272.85
2107,8048.6
2108,3666.68
2109,11426.18
2110,54195.17
2111,4566.06
2112,6396.51
2113,4684.52
2114,58021.39
2115,6481.09
2116,43368.72
2117,4413.58
2118,5335.76
2119,45257.9
2120,5301.77
2121,48630.56
2122,6257.04
2123,49833.13
2124,7542.17
2125,63814.13
2126,3167.73
2127,50515.17
2128,4562.85
2129,59857.3
2130,5259.27
2131,49848.51
2132,58902.15
2133,3888.29
2134,5904.87
2135,2910.5
2136,3031.65
2137,5771.35
2138,51080.43
2139,4901.94
2140,8023.02
2141,5175.87
2142,56103.48
2143,7083.68
2144,50577.48
2145,4680.55
2146,4950.5
2147,5048.87
2148,5136.51
2149,8000.66
2150,5702.14
2151,6303.9
2152,8334.79
2153,51151.71
2154,47532.94
2155,32098.38
2156,5095.2
2157,13271.77
2158,14786.23
2159,10931.78
2160,6946.5
2161,51707.0
2162,4513.69
2163,53032.83
2164,6300.63
2165,6660.05
2166,4399.5
2167,42524.58
2168,56201.1
2169,6289.56
2170,5255.57
2171,47071.23
2172,4214.06
2173,4997.24
2174,2940.55
2175,4911.1
2176,42147.77
2177,50384.78
2178,54565.39
2179,7813.08
2180,64052.48
2181,3253.18
2182,41268.07
2183,40517.34
2184,5109.94
2185,6134.42
2186,9131.74
2187,15033.14
2188,8547.54
2189,5660.94
2190,9416.69
2191,48624.09
2192,6324.47
2193,6410.63
2194,2362.39
2195,5638.84
2196,59487.99
2197,60247.55
2198,53118.55
2199,3362.38
2200,5109.42
2201,5268.32
2202,5265.73
2203,5932.33
2204,9272.9
2205,5389.18
2206,4452.38
2207,73939.52
2208,4703.25
2209,67175.61
2210,12033.94
2211,12581.92
2212,46871.1
2213,70256.04
2214,11360.42
2215,4470.65
2216,7158.16
2217,58428.935
2218,56423.0
2219,3064.95
2220,55234.81
2221,5411.41
2222,3228.1
2223,6019.81
2224,4559.76
2225,3708.12
2226,6323.25
2227,5421.13
2228,11129.68
2229,11718.83
2230,4825.13
2231,2263.11
2232,58904.07
2233,18500.55
2234,6112.76
2235,54505.49
2236,5282.75
2237,13092.55
2238,4723.86
2239,6794.12
2240,59202.74
2241,11098.95
2242,5198.5
2243,47645.79
2244,2150.0
2245,5238.69
2246,9622.78
2247,4365.57
2248,8229.23
2249,5144.93
2250,5828.76
2251,10539.28
2252,53044.23
2253,8077.66
2254,44916.94
2255,4158.32
2256,6321.19
2257,3255.61
2258,5960.81
2259,5464.34
2260,8640.4225
2261,7163.48
2262,10487.61
2263,10779.87
2264,7277.57
2265,2598.9
2266,34887.05
2267,41955.46
2268,10837.14
2269,5824.67
2270,5357.0
2271,3287.27
2272,5884.18
2273,2125.06
2274,45569.56
2275,47083.52
2276,2551.55
2277,10699.47
2278,2409.05
2279,7224.93
2280,41379.25
2281,4348.84
2282,67212.05
2283,62529.62
2284,8268.77
2285,6294.01
2286,46966.34
2287,64487.99
2288,2374.29
2289,6220.26
2290,3915.5
2291,4970.78
2292,2266.09
2293,19941.14
2294,8442.04
2295,5373.83
2296,6410.01
2297,27924.44
2298,6429.64
2299,10259.61
2300,3540.32
2301,44690.51
2302,5611.74
2303,54265.22
2304,7688.4
2305,46981.16
2306,6057.15
2307,16955.19
2308,68962.2
2309,4275.52
2310,10345.98
2311,59965.72
2312,12785.93
2313,47377.76
2314,4982.52
2315,15048.03
2316,5177.18
2317,53545.29
2318,22532.18
2319,13110.04
2320,6435.6
2321,55871.03
2322,4492.61
2323,16006.81
2324,9186.33
2325,5963.87
2326,6261.95
2327,13190.65
2328,34464.21
2329,6470.62
2330,5892.11
2331,43265.02
2332,8897.85
2333,6481.69
2334,11043.88
2335,48794.16
2336,48464.72
2337,53525.73
2338,2313.89
2339,41472.27
2340,8710.34
2341,40086.88
2342,5037.82
2343,45762.86
2344,6448.33
2345,54568.61
2346,4410.02
2347,9223.36
2348,10075.79
2349,6069.12
2350,54883.55
2351,4135.06
2352,4660.97
2353,4871.12
2354,2587.96
2355,6087.82
2356,52084.33
2357,47604.18
2358,4760.14
2359,5422.75
2360,6278.56
2361,57536.0
2362,63822.76
2363,4833.94
2364,50207.85
2365,6599.35
2366,59531.03
2367,4616.2
2368,79839.28
2369,55824.12
2370,6118.17
2371,6217.95
2372,5157.85
2373,5867.13
2374,4553.55
2375,4032.39
2376,50467.44
2377,12920.88
2378,55896.06
2379,4744.53
2380,24420.22
2381,3836.17
2382,10254.51
2383,84230.43
2384,7852.84
2385,10940.73
2386,54640.01
2387,5172.56
2388,6130.9
2389,3654.41
2390,46840.26
2391,5979.71
2392,11929.13
2393,7601.57
2394,12988.05
2395,22236.4
2396,49033.17
2397,4435.42
2398,8710.69
2399,6978.95
2400,18437.58
2401,61343.98
2402,4626.77
2403,26232.48
2404,44068.57
2405,6234.24
2406,4233.96
2407,5019.77
2408,10759.2
2409,12257.96
2410,43746.43
2411,6670.73
2412,6250.09
2413,2974.22
2414,62339.27
2415,9448.52
2416,40530.8
2417,11695.46
2418,5120.79
2419,5720.7
2420,6742.66
2421,7313.51
2422,60827.96
2423,4983.61
2424,2502.06
2425,5140.55
2426,62805.48
2427,5643.29
2428,52783.62
2429,59461.08
2430,13342.8
2431,22246.08
2432,66153.94
2433,7806.93
2434,6436.01
2435,7751.09
2436,6216.54
2437,54158.81
2438,48198.61
2439,4483.28
2440,58517.79
2441,4770.68
2442,7091.3
2443,6381.05
2444,2461.84
2445,2973.76
2446,11902.79
2447,7595.99
2448,7924.37
2449,5468.43
2450,6469.03
2451,3896.51
2452,10024.01
2453,5960.05
2454,48316.66
2455,15220.45
2456,56261.04
2457,23966.28
2458,12377.08
2459,45172.62
2460,48181.39
2461,6378.17
2462,6288.78
2463,5569.81
2464,7515.76
2465,4456.56
2466,2236.16
2467,6141.155000000002
2468,6585.39
2469,5018.88
2470,5722.75
2471,7523.12
2472,4461.28
2473,4563.06
2474,6221.01
2475,7939.93
2476,4608.57
2477,3913.49
2478,14314.93
2479,70638.99
2480,5203.15
2481,32717.8
2482,6024.03
2483,63834.17
2484,52817.08
2485,61073.34
2486,5369.32
2487,5448.9
2488,54422.9
2489,2312.32
2490,7995.32
2491,58370.94
2492,12865.28
2493,4985.07
2494,4409.28
2495,4018.13
2496,5327.99
2497,2562.55
2498,10239.6
2499,66123.81
2500,3594.41
2501,53329.52
2502,10288.66
2503,3212.49
2504,15803.09
2505,53208.96
2506,3025.88
2507,17700.2
2508,9225.493333333334
2509,5020.26
2510,4742.01
2511,51177.01
2512,11009.24
2513,4386.63
2514,6130.33
2515,14320.63
2516,4824.37
2517,2330.61
2518,54841.53
2519,75152.69
2520,60508.0
2521,4826.0
2522,74798.64
2523,55865.16
2524,44616.42
2525,63967.11
2526,5944.8
2527,6481.13
2528,15678.32
2529,3673.82
2530,7230.77
2531,55680.24
2532,62062.1
2533,4894.4
2534,49699.15
2535,7404.41
2536,7792.77
2537,4234.97
2538,8283.23
2539,3631.89
2540,57453.88
2541,12401.17
2542,12623.84
2543,27541.17
2544,22932.4
2545,4607.0
2546,54684.0
2547,6698.09
2548,2196.82
2549,50184.31
2550,6125.52
2551,4738.230071428572
2552,10171.12
2553,6341.7
2554,45346.71
2555,63680.52
2556,7691.51
2557,6002.98
2558,2290.72
2559,3159.51
2560,8087.58
2561,6624.61
2562,6021.9
2563,13788.27
2564,4500.01
2565,14032.76
2566,13764.4
2567,4272.55
2568,8285.09
2569,7790.38
2570,49985.17
2571,62231.5
2572,2124.0
2573,3250.86
2574,52108.85
2575,4461.95
2576,49827.96
2577,64818.57
2578,7989.1
2579,4914.45
2580,69232.09
2581,54751.8
2582,56928.92
2583,46437.41
2584,5692.81
2585,6083.24
2586,4667.66
2587,53038.76
2588,5684.33
2589,5108.91
2590,5814.97
2591,3757.37
2592,3303.86
2593,6296.97
2594,43584.98
2595,10827.09
2596,38829.53
2597,12671.33
2598,62005.8
2599,5202.64
2600,69474.06
2601,11019.77
2602,3902.3
2603,66842.37
2604,5372.05
2605,17745.45
2606,56409.63
2607,6945.05
2608,6073.58
2609,4471.66
2610,5846.47
2611,9328.46
2612,12839.42
2613,2772.55
2614,5949.0
2615,50060.38
2616,8224.92
2617,4780.38
2618,68147.17
2619,17406.08
2620,9881.19
2621,2591.6
2622,4045.92
2623,7190.63
2624,55551.26
2625,55447.55
2626,5606.95
2627,64429.21
2628,55596.76
2629,54853.46
2630,7515.61
2631,5438.71
2632,4117.42
2633,57364.32
2634,10305.43
2635,3338.99
2636,3946.68
2637,7318.91
2638,62128.25
2639,12501.86
2640,5956.95
2641,4056.75
2642,54063.11
2643,44465.97
2644,3920.02
2645,4185.55
2646,2512.54
2647,33930.54
2648,9284.2
2649,6183.78
2650,61764.44
2651,58189.23
2652,2387.84
2653,6244.49
2654,3633.77
2655,4913.21
2656,4750.32
2657,50835.34
2658,52932.5
2659,54866.09
2660,49743.7
2661,60346.86
2662,2355.47
2663,55557.95
2664,7567.46
2665,5759.23
2666,47181.99
2667,53900.38
2668,54606.78
2669,60914.6
2670,3002.33
2671,11520.66
2672,5623.1
2673,10290.16
2674,4884.81
2675,6768.25
2676,6380.9
2677,2417.79
2678,3051.81
2679,2296.3
2680,5424.82
2681,5205.19
2682,8157.64
2683,3438.9
2684,6625.0
2685,5285.55
2686,6201.81
2687,59460.51
2688,46739.52
2689,12295.43
2690,15492.13
2691,24122.62
2692,5111.18
2693,7091.95
2694,2529.46
2695,9865.78
2696,3076.58
2697,7533.73
2698,11179.52
2699,60672.7
2700,50155.09
2701,45553.76
2702,3133.98
2703,6708.04
2704,4485.11
2705,12919.84
2706,5980.99
2707,39579.15
2708,49801.8
2709,5719.72
2710,52546.18
2711,5046.89
2712,6278.33
2713,4695.06
2714,55918.22
2715,8048.94
2716,4649.52
2717,58099.22
2718,4379.2
2719,6643.71
2720,7034.83
2721,2415.32
2722,12773.43
2723,68991.86
2724,20275.73
2725,3312.7
2726,3650.41
2727,6304.34
2728,4872.84
2729,2404.0
2730,11044.813333333332
2731,54557.41
2732,2988.58
2733,5673.25
2734,52825.14
2735,5132.2
2736,6853.97
2737,49824.01
2738,4552.53
2739,56773.52
2740,6314.55
2741,8237.63
2742,6706.48
2743,64045.76
2744,5412.84
2745,54488.23
2746,6723.74
2747,4962.7
2748,59500.63
2749,7040.16
2750,11055.99
2751,58244.93
2752,7083.95
2753,65622.28
2754,4809.07
2755,6034.34
2756,4955.65
2757,62410.47
2758,2818.47
2759,40442.08
2760,6608.83
2761,51489.78
2762,17302.44
2763,6395.42
2764,54007.48
2765,12694.02
2766,9602.46
2767,8004.29
2768,58291.64
2769,11683.94
2770,47926.6
2771,3302.66
2772,2889.05
2773,3469.11
2774,2966.51
2775,11636.77
2776,7042.98
2777,10368.4
2778,12700.18
2779,9931.44
2780,49186.49
2781,48948.56
2782,8221.59
2783,8312.2
2784,12450.15
2785,6758.13
2786,4109.93
2787,7457.27
2788,6784.585
2789,6314.85
2790,3356.98
2791,2297.5
2792,1847.39
2793,54340.16
2794,4463.71
2795,52154.49
2796,8717.45
2797,10963.78
2798,6017.63
2799,46796.64
2800,5936.77
2801,5352.67
2802,4293.98
2803,28982.88
2804,2769.54
2805,6060.41
2806,59102.87
2807,65345.31
2808,4964.07
2809,54415.38
2810,6125.06
2811,4830.82
2812,6348.09
2813,11677.38
2814,1780.18
2815,7465.5
2816,7353.08
2817,7619.12
2818,5487.52
2819,3285.27
2820,4583.78
2821,7714.31
2822,5879.49
2823,4044.74
2824,5618.05
2825,2543.11
2826,7697.11
2827,4680.39
2828,60344.64
2829,6596.96
2830,4721.78
2831,2460.06
2832,6699.72
2833,4591.99
2834,5105.55
2835,9421.52
2836,2196.76
2837,7735.67
2838,50278.21
2839,55151.36
2840,5630.96
2841,42948.81
2842,49084.21
2843,56011.55
2844,57026.93
2845,3079.02
2846,5286.73
2847,22600.02
2848,6883.45
2849,3055.94
2850,52174.28
2851,6637.89
2852,6325.53
2853,50418.63
2854,57211.28
2855,13157.93
2856,9021.79
2857,50611.69
2858,5358.57
2859,18494.33
2860,6651.05
2861,4634.28
2862,8482.58
2863,4204.13
2864,59975.13
2865,3002.71
2866,2879.54
2867,5657.38
2868,13899.67
2869,53262.12
2870,10687.5
2871,50906.24
2872,54238.15
2873,9520.95
2874,11599.32
2875,6763.55
2876,6218.53
2877,5630.06
2878,7701.43
2879,10192.96
2880,32201.2
2881,3406.27
2882,52108.85
2883,45408.73
2884,6449.74
2885,3581.93
2886,43441.51
2887,6766.7
2888,25925.18
2889,3070.48
2890,1793.03
2891,5759.53
2892,45844.41
2893,7847.0
2894,4582.47
2895,8599.24
2896,20288.47
2897,6024.58
2898,4292.19
2899,12402.09
2900,6601.06
2901,5700.12
2902,55810.92
2903,12465.87
2904,50791.34
2905,5338.49
2906,54676.83
2907,5984.11
2908,50829.89
2909,46064.61
2910,9779.07
2911,7993.06
2912,6128.63
2913,5819.92
2914,52290.07
2915,5468.01
2916,5701.23
2917,4852.89
2918,8835.22
2919,58851.68
2920,12506.63
2921,3375.78
2922,8040.7
2923,11654.58
2924,47543.69
2925,16819.32
2926,7997.54
2927,5531.22
2928,7687.29
2929,38047.83
2930,9580.34
2931,17564.67
2932,5530.13
2933,70899.44
2934,16956.7
2935,57022.78
2936,50487.7
2937,8304.95
2938,6364.11
2939,5661.26
2940,4571.05
2941,55500.37
2942,5727.92
2943,6687.33
2944,2378.3
2945,14417.83
2946,62956.81
2947,11628.62
2948,43678.47
2949,4266.34
2950,5526.1
2951,6522.85
2952,8422.51
2953,58642.8
2954,18026.56
2955,53640.75
2956,13191.74
2957,5830.91
2958,5611.25
2959,6955.41
2960,7684.49
2961,3839.72
2962,3128.87
2963,10551.33
2964,7991.26
2965,48746.89
2966,4171.52
2967,4690.66
2968,55620.45
2969,5153.23
2970,18066.63
2971,5502.55
2972,7870.87
2973,2529.46
2974,7995.63
2975,47022.58
2976,53695.52
2977,15700.04
2978,5276.58
2979,6421.33
2980,5825.314166666666
2981,5904.46
2982,52206.92
2983,11757.74
2984,59362.85
2985,5175.91
2986,6779.67
2987,7960.43
2988,65639.78
2989,11779.29
2990,3711.33
2991,59342.09
2992,46057.34
2993,1951.81
2994,4746.81
2995,3278.56
2996,45967.82
2997,6051.72
2998,42830.65
2999,6012.86
3000,5922.2
3001,8107.11
3002,59518.49
3003,2937.03
3004,6212.13
3005,4720.83
3006,59898.89
3007,7187.94
3008,51230.23
3009,7576.03
3010,65685.79
3011,6715.93
3012,5512.68
3013,2776.85
3014,42331.05
3015,48430.41
3016,45244.42
3017,72484.87
3018,56903.45
3019,8045.73
3020,3340.07
3021,5144.77
3022,4209.12
3023,2964.77
3024,6555.22
3025,5180.36
3026,6842.14
3027,62024.81
3028,5976.71
3029,6957.56
3030,5898.33
3031,4079.27
3032,6167.15
3033,59506.55
3034,6149.69
3035,53898.02
3036,4689.7525
3037,6269.05
3038,4480.57
3039,17440.95
3040,53147.28
3041,5132.22
3042,13203.95
3043,3939.36
3044,4036.32
3045,7333.46
3046,4344.98
3047,62643.19
3048,9409.65
3049,64912.52
3050,2790.5
3051,45097.89
3052,53342.92
3053,5649.94
3054,53627.8
3055,53077.3
3056,3583.48
3057,7063.39
3058,60508.0
3059,2439.11
3060,4191.2
3061,57979.11
3062,5859.54
3063,3016.27
3064,13019.37
3065,6492.43
3066,27361.85
3067,4716.81
3068,2302.92
3069,7198.29
3070,8966.52
3071,6094.09
3072,53777.66
3073,6431.12
3074,2709.92
3075,6158.42
3076,47805.33
3077,11732.41
3078,4266.22
3079,2409.97
3080,3649.52
3081,51925.65
3082,14559.49
3083,12165.68
3084,8736.12
3085,13239.13
3086,11808.01
3087,10306.47
3088,4534.74
3089,5036.17
3090,7978.7
3091,3230.11
3092,7511.49
3093,5833.95
3094,5390.11
3095,4827.25
3096,6080.31
3097,5715.64
3098,53191.64
3099,7181.37
3100,6057.16
3101,56026.26
3102,34084.03
3103,5507.72
3104,8912.63
3105,6577.33
3106,18908.85
3107,52419.36
3108,51521.33
3109,5541.97
3110,57297.39
3111,44997.42
3112,5546.33
3113,5865.77
3114,2395.91
3115,50355.8
3116,3964.31
3117,8898.09
3118,4092.425
3119,8327.01
3120,59157.72
3121,63320.05
3122,55228.42
3123,2964.91
3124,63314.78
3125,32015.6
3126,4493.78
3127,7264.88
3128,57060.64
3129,52305.09
3130,2199.66
3131,6367.21
3132,12816.59
3133,4618.5
3134,2439.21
3135,6485.31
3136,63192.18
3137,59871.03
3138,7435.0
3139,5193.76
3140,51641.58
3141,4449.62
3142,50271.0
3143,46513.21
3144,5247.93
3145,12357.89
3146,50325.45
3147,3218.93
3148,4574.54
3149,7189.3
3150,2405.31
3151,62607.57
3152,6888.77
3153,15241.66
3154,44915.22
3155,6371.78
3156,5540.74
3157,4581.28
3158,5415.47
3159,5476.58
3160,10952.92
3161,4045.3
3162,43687.37
3163,76152.9
3164,6195.18
3165,14837.56
3166,5949.0
3167,1972.84
3168,43405.04
3169,7462.37
3170,5873.2
3171,7211.37
3172,12587.18
3173,11441.18
3174,5918.93
3175,5990.38
3176,6207.98
3177,5127.56
3178,3886.98
3179,7165.92
3180,11288.7
3181,65242.41
3182,56570.81
3183,17789.29
3184,2281.54
3185,4001.13
3186,4825.94
3187,4442.45
3188,7557.6
3189,4081.42
3190,5933.66
3191,53216.51
3192,59312.32
3193,46127.25
3194,59772.53
3195,52678.86
3196,6603.7
3197,5679.35
3198,43540.18
3199,72901.9
3200,61432.87
3201,10033.08
3202,6745.41
3203,8034.06
3204,13472.46
3205,31329.42
3206,5418.26
3207,60254.69
3208,5084.49
3209,74859.16
3210,6330.33
3211,5291.2
3212,3723.62
3213,4725.935
3214,5841.7
3215,54714.95
3216,4512.27
3217,25828.41
3218,6217.44
3219,4749.38
3220,38418.96
3221,58472.56
3222,3988.4
3223,49665.92
3224,6365.24
3225,5310.84
3226,59308.9
3227,6452.04
3228,4216.24
3229,5497.94
3230,6988.38
3231,9439.43
3232,5341.17
3233,9890.0
3234,5069.68
3235,12742.88
3236,2690.93
3237,4448.11
3238,5967.35
3239,1905.36
3240,5355.0
3241,3563.58
3242,5919.85
3243,5058.65
3244,61465.34
3245,41409.6
3246,55039.93
3247,57275.58
3248,6384.61
3249,11007.89
3250,9840.18
3251,49051.38
3252,5770.94
3253,71205.96
3254,5266.25
3255,4472.4
3256,6008.42
3257,70669.69
3258,54258.42
3259,6551.14
3260,5658.8
3261,25972.9
3262,2192.43
3263,6199.12
3264,14582.81
3265,6917.63
3266,3410.33
3267,2991.33
3268,7090.89
3269,2474.66
3270,6916.33
3271,2604.01
3272,17493.95
3273,6590.99
3274,5944.79
3275,5731.37
3276,22799.72
3277,3038.58
3278,56016.63
3279,51921.6
3280,5986.84
3281,5993.32
3282,5909.39
3283,7085.38
3284,4450.06
3285,5684.28
3286,5272.3
3287,12581.66
3288,4561.52
3289,13451.003333333334
3290,7893.34
3291,50497.8
3292,10733.7
3293,10896.12
3294,59446.8
3295,59119.12
3296,52872.13
3297,4775.63
3298,5307.61
3299,5155.59
3300,4649.25
3301,15066.22
3302,7188.46
3303,54333.45
3304,3928.64
3305,5776.09
3306,5815.77
3307,5353.44
3308,46164.23
3309,4454.14
3310,41168.55
3311,5767.76
3312,39681.13
3313,16363.18
3314,5406.19
3315,5643.81
3316,28455.49
3317,6376.08
3318,10748.62
3319,56650.37
3320,6058.07
3321,2746.94
3322,5537.3
3323,4366.54
3324,3444.83
3325,7379.74
3326,3047.24
3327,40605.95
3328,14213.5
3329,4788.85
3330,6150.61
3331,12552.43
3332,3369.58
3333,6218.73
3334,7393.49
3335,54362.64
3336,56960.19
3337,12866.77
3338,4091.24
3339,60740.77
3340,5307.92
3341,9542.81
3342,4619.84
3343,2132.5
3344,2430.26
3345,43491.43
3346,53456.3
3347,11935.69
3348,4647.29
3349,65620.7
3350,54074.8
3351,4868.19
3352,6612.03
3353,5899.38
3354,4617.39
3355,10222.03
3356,6718.3
3357,6367.26
3358,13539.29
3359,2640.86
3360,58170.39
3361,49722.2
3362,4401.53
3363,10829.8
3364,2400.73
3365,5546.39
3366,7292.03
3367,7759.01
3368,12603.03
3369,5601.16
3370,8115.59
3371,3473.71
3372,2216.41
3373,33593.96
3374,7643.92
3375,52442.85
3376,38747.85
3377,8136.07
3378,4684.2
3379,52178.65
3380,49320.61
3381,5948.5
3382,2518.25
3383,11242.31
3384,2488.35
3385,3147.38
3386,65566.87
3387,5570.39
3388,13593.12
3389,8591.12
3390,4542.13
3391,62347.47
3392,36402.59
3393,43085.19
3394,60796.0
3395,57065.47
3396,58279.6
3397,3081.27
3398,2867.25
3399,50796.15
3400,5392.22
3401,60228.9
3402,58395.15
3403,8570.59
3404,17267.75
3405,20602.05
3406,5580.76
3407,15200.1
3408,5774.4
3409,7847.39
3410,57225.41
3411,5128.1
3412,10093.12
3413,2358.11
3414,2261.2
3415,39932.74
3416,9350.92
3417,54622.24
3418,69351.93
3419,6115.91
3420,5743.1
3421,6231.88
3422,15042.86
3423,4221.09
3424,8148.11
3425,49998.45
3426,23038.26
3427,18924.07
3428,49882.7
3429,6342.83
3430,49107.5
3431,3346.55
3432,5323.61
3433,3596.25
3434,5274.32
3435,5192.3
3436,13812.97
3437,60594.01
3438,11886.81
3439,5118.35
3440,4980.13
3441,5942.77
3442,10979.06
3443,55591.58
3444,4900.96
3445,8138.62
3446,51030.64
3447,5219.0
3448,6182.48
3449,54654.34
3450,4878.15
3451,5627.73
3452,6343.64
3453,55102.98
3454,3909.91
3455,12940.45
3456,53948.18
3457,47957.6
3458,12657.15
3459,54613.25
3460,50446.33
3461,3048.01
3462,7374.54
3463,3162.9
3464,5437.24
3465,60554.09
3466,4514.75
3467,5448.56
3468,49450.42
3469,63392.7
3470,2033.32
3471,41297.2
3472,67322.47
3473,58751.8
3474,52796.7
3475,22380.22
3476,17437.43
3477,7426.16
3478,12327.1
3479,61848.26
3480,4723.71
3481,5058.32
3482,42228.55
3483,39308.01
3484,27676.12
3485,59959.46
3486,6209.01
3487,11510.69
3488,16797.19
3489,5231.81
3490,45260.02
3491,7967.96
3492,12578.73
3493,32303.39
3494,3039.43
3495,7310.38
3496,13569.16
3497,7824.12
3498,6870.46
3499,5796.3
3500,5256.64
3501,13849.52
3502,65801.77
3503,43227.43
3504,14843.57
3505,57386.09
3506,13248.3
3507,6028.95
3508,5137.33
3509,3224.5
3510,62897.62
3511,3592.24
3512,57914.44
3513,4775.9
3514,51938.15
3515,11460.2
3516,2688.99
3517,12899.15
3518,11334.96
3519,7566.59
3520,5822.08
3521,12712.83
3522,5925.52
3523,5493.285
3524,2401.17
3525,5631.96
3526,5950.04
3527,51116.0
3528,6523.31
3529,6632.21
3530,5520.16
3531,3830.33
3532,9430.453333333333
3533,7555.28
3534,2672.02
3535,42070.1
3536,42455.24
3537,4541.99
3538,4935.9
3539,5850.01
3540,4916.2
3541,3183.59
3542,2492.48
3543,7221.45
3544,2240.54
3545,4439.72
3546,3745.58
3547,4286.59
3548,30835.0
3549,56538.16
3550,50117.55
3551,5587.91
3552,5202.64
3553,4376.98
3554,47605.63
3555,60412.09
3556,6147.77
3557,4606.8
3558,5632.11
3559,9733.98
3560,60591.1
3561,56522.67
3562,6720.07
3563,7992.13
3564,2816.43
3565,13605.01
3566,2956.43
3567,7481.87
3568,3676.36
3569,3576.25
3570,80771.97
3571,2467.09
3572,3505.81
3573,7057.24
3574,11976.17
3575,62579.68333333334
3576,55381.11
3577,12672.5
3578,3988.95
3579,5306.74
3580,50548.65
3581,52027.16
3582,74157.12
3583,22342.54
3584,33677.85
3585,52071.29
3586,3979.1
3587,5641.4
3588,55895.87
3589,53319.53
3590,14420.66
3591,5914.19
3592,68924.22
3593,11211.59
3594,8046.57
3595,6457.64
3596,11168.5
3597,53337.05
3598,6971.8
3599,53692.81
3600,2349.06
3601,4343.21
3602,6520.57
3603,12393.28
3604,7964.79
3605,50235.6
3606,7894.35
3607,41248.03
3608,56858.37
3609,4422.51
3610,5456.68
3611,63991.87
3612,11777.32
3613,5415.36
3614,62038.35
3615,5110.26
3616,11035.93
3617,4120.45
3618,12187.14
3619,7300.21
3620,5092.58
3621,11297.6
3622,50174.75
3623,4581.97
3624,10209.56
3625,60780.8
3626,24820.84
3627,11503.17
3628,6611.39
3629,5391.44
3630,2490.61
3631,5239.36
3632,11055.34
3633,7461.39
3634,10705.78
3635,63052.11
3636,11500.95
3637,1785.38
3638,3972.01
3639,2575.14
3640,4113.79
3641,3489.27
3642,5821.97
3643,61830.21
3644,5168.34
3645,3107.11
3646,5420.83
3647,6689.7
3648,40283.97
3649,54990.74
3650,4605.2
3651,7021.67
3652,56329.36
3653,6775.73
3654,5291.37
3655,11836.99
3656,5406.57
3657,3211.69
3658,49399.84
3659,4136.13
3660,4436.89
3661,56837.98
3662,1850.26
3663,59815.0
3664,6402.94
3665,4907.43
3666,42236.91
3667,7694.6
3668,12214.51
3669,5292.02
3670,13111.21
3671,2875.56
3672,49723.88
3673,50280.3
3674,2729.48
3675,12856.6
3676,10615.7575
3677,3156.95
3678,8447.12
3679,3234.96
3680,3501.09
3681,63678.45
3682,59532.45
3683,7582.06
3684,43242.01
3685,55994.37
3686,3658.31
3687,4334.26
3688,41988.44
3689,60585.44
3690,4475.91
3691,5837.3
3692,6548.79
3693,9311.63
3694,74058.77733333333
3695,6182.62
3696,4513.74
3697,5082.86
3698,74728.19
3699,58507.52
3700,3335.46
3701,16473.82
3702,6067.01
3703,2189.14
3704,5431.22
3705,5760.5
3706,15764.6
3707,7790.58
3708,4438.58
3709,8411.04
3710,48141.54
3711,55388.04
3712,52346.2
3713,17697.21
3714,2602.37
3715,7145.13
3716,4943.36
3717,8170.28
3718,11202.79
3719,4676.89
3720,25262.94
3721,4039.38
3722,4729.28
3723,5949.61
3724,3998.81
3725,62389.23
3726,61459.24
3727,4875.06
3728,55161.35
3729,12496.86
3730,7885.3
3731,6304.95
3732,3701.15
3733,4566.3
3734,5028.28
3735,55959.66
3736,4056.7
3737,13347.32
3738,8579.55
3739,6396.44
3740,54232.09
3741,59266.47
3742,7579.2
3743,7718.57
3744,24444.36
3745,53056.28
3746,9400.97
3747,72247.27
3748,9982.6
3749,9470.4
3750,6637.25
3751,5189.09
3752,47609.1
3753,7850.38
3754,69207.52
3755,4937.52
3756,31949.3
3757,6357.75
3758,5404.65
3759,6194.23
3760,11198.88
3761,4738.19
3762,2114.82
3763,66049.17
3764,48185.5
3765,3820.53
3766,2875.67
3767,2299.75
3768,45934.54
3769,52816.9
3770,4836.6
3771,7687.73
3772,3429.76
3773,8197.31
3774,7710.74
3775,3417.3
3776,7569.7
3777,5998.47
3778,5170.61
3779,5263.83
3780,43196.95
3781,5571.03
3782,12961.02
3783,49564.57
3784,11044.04
3785,13213.78
3786,54376.44
3787,54656.89
3788,57834.21
3789,14284.98
3790,2730.83
3791,4664.03
3792,55904.93
3793,12493.66
3794,36749.06
3795,5451.61
3796,4752.13
3797,14740.15
3798,47641.46
3799,22861.98
3800,5286.07
3801,5700.93
3802,9394.48
3803,28455.49
3804,10042.66
3805,7974.28
3806,6366.28
3807,5749.7
3808,8148.2
3809,4808.87
3810,56219.74
3811,52565.7
3812,51317.21
3813,48924.4
3814,10275.71
3815,5861.36
3816,2122.67
3817,51285.39
3818,44948.36
3819,2728.8
3820,3932.47
3821,7983.94
3822,53704.86
3823,2453.85
3824,33463.52
3825,5934.77
3826,40003.96
3827,42596.78
3828,7064.54
3829,10449.81
3830,11652.14
3831,7674.86
3832,5773.75
3833,5468.25
3834,5578.26
3835,36924.82
3836,3869.64
3837,35190.47
3838,46042.38
3839,8660.49
3840,2193.82
3841,51031.13
3842,62887.12
3843,5353.66
3844,28029.37
3845,56021.52
3846,5130.36
3847,43808.9
3848,5865.89
3849,5916.33
3850,3407.06
3851,3210.99
3852,6229.41
3853,41424.18
3854,7094.57
3855,5138.88
3856,55556.01
3857,5547.18
3858,6277.36
3859,13931.8
3860,5524.4
3861,10655.49
3862,3146.76
3863,50773.78
3864,3729.06
3865,45507.72
3866,25905.53
3867,7786.17
3868,4598.41
3869,23061.23
3870,3153.78
3871,50845.83
3872,4278.62
3873,6133.75
3874,31992.57
3875,7119.98
3876,6020.4
3877,8261.2
3878,6659.91
3879,13688.15
3880,49523.48
3881,9012.25
3882,6167.8
3883,6968.07
3884,8712.52
3885,56808.47
3886,5660.07
3887,27898.34
3888,10841.26
3889,2522.12
3890,4452.16
3891,7076.3
3892,4712.37
3893,6529.46
3894,10705.17
3895,47657.2
3896,1747.9
3897,6019.0
3898,2197.72
3899,4690.25
3900,5428.85
3901,12682.78
3902,5430.27
3903,56496.71
3904,50792.03
3905,57143.45
3906,4931.2
3907,50218.87
3908,61308.36
3909,60924.12
3910,5350.42
3911,4388.03
3912,3864.96
3913,5160.76
3914,5433.66
3915,16594.87
3916,7474.69
3917,6757.22
3918,60421.09
3919,8581.32
3920,64983.41
3921,52673.17
3922,32759.74
3923,4815.18
3924,7918.07
3925,61007.65
3926,7114.95
3927,2469.74
3928,8553.46
3929,5519.86
3930,4300.45
3931,5178.75
3932,5192.27
3933,3980.43
3934,5612.04
3935,4909.97
3936,2722.78
3937,6342.05
3938,6990.97
3939,6438.51
3940,6687.26
3941,5265.2
3942,5605.3
3943,48310.92
3944,66445.97
3945,2736.01
3946,11749.97
3947,7015.66
3948,58599.52
3949,5133.1
3950,7722.74
3951,4257.55
3952,6407.88
3953,9321.4
3954,6854.9
3955,2409.37
3956,50260.82
3957,11118.63
3958,4349.08
3959,8509.7
3960,5165.31
3961,59387.7
3962,5937.54
3963,5570.97
3964,56181.4
3965,6214.11
3966,5419.56
3967,11559.34
3968,5259.36
3969,5315.005
3970,52455.49
3971,2795.26
3972,4327.05
3973,7431.74
3974,7651.26
3975,5648.36
3976,39204.36
3977,40765.75
3978,50950.75
3979,5535.9
3980,55571.93
3981,50413.63
3982,11760.5
3983,44183.06
3984,4234.94
3985,5792.08
3986,31414.6
3987,49773.18
3988,8838.46
3989,24970.72
3990,6715.98
3991,4621.8
3992,2568.99
3993,5555.83
3994,4087.67
3995,3649.13
3996,2588.32
3997,55776.92
3998,9394.44
3999,5443.33
4000,61063.78
4001,49419.31
4002,63573.53
4003,6149.63
4004,11100.67
4005,4455.3
4006,3598.74
4007,13131.52
4008,8084.01
4009,5222.98
4010,7362.08
4011,6455.47
4012,71979.99
4013,4315.21
4014,59670.16
4015,10237.42
4016,6191.37
4017,4992.06
4018,30728.48
4019,5351.7
4020,61621.52
4021,4497.08
4022,55734.48
4023,6462.92
4024,6126.76
4025,57905.77
4026,11136.9
4027,6984.67
4028,45130.09
4029,53132.1
4030,56125.4
4031,12740.65
4032,53733.97
4033,2416.66
4034,3322.84
4035,51640.65
4036,2444.95
4037,10387.62
4038,54892.46
4039,5560.77
4040,8149.75
4041,4901.64
4042,4018.44
4043,4032.12
4044,17465.02
4045,5602.65
4046,8494.93
4047,5308.13
4048,6386.67
4049,4473.83
4050,5505.41
4051,22970.94
4052,51792.41
4053,39888.73
4054,4403.07
4055,10709.22
4056,6465.33
4057,2974.54
4058,5322.65
4059,40085.97
4060,7764.68
4061,7964.61
4062,73316.53
4063,5486.82
4064,4443.6
4065,45886.43
4066,10703.99
4067,2508.96
4068,5789.71
4069,2130.83
4070,11102.04
4071,55568.58
4072,61130.95
4073,3182.45
4074,5116.44
4075,13686.87
4076,11245.23
4077,10495.06
4078,45021.82
4079,4230.33
4080,5192.32
4081,11746.15
4082,12673.19
4083,3392.49
4084,4331.04
4085,60698.01
4086,3896.07
4087,11458.88
4088,5962.15
4089,66391.9
4090,6201.23
4091,8443.13
4092,7163.99
4093,7369.07
4094,5824.43
4095,4249.03
4096,45008.7
4097,5374.46
4098,50935.16
4099,52289.39
4100,46368.56
4101,3878.35
4102,3043.23
4103,4545.03
4104,9720.8
4105,68940.83
4106,60779.44
4107,12699.01
4108,9790.85
4109,47615.74
4110,5353.69
4111,88611.89
4112,7017.45
4113,6006.16
4114,16357.92
4115,5667.86
4116,6887.72
4117,55111.07
4118,15112.76
4119,39410.01
4120,5137.98
4121,54401.91
4122,11358.31
4123,49479.24
4124,4630.13
4125,3812.81
4126,3835.72
4127,59114.24
4128,1938.71
4129,13192.32
4130,68098.84
4131,5905.05
4132,51829.04
4133,56017.93
4134,45920.5
4135,4595.05
4136,2869.49
4137,62890.72
4138,53725.94
4139,3435.73
4140,56171.59
4141,5369.88
4142,7508.86
4143,60147.16
4144,6679.13
4145,11669.75
4146,9805.34
4147,5768.16
4148,6494.11
4149,5695.41
4150,4388.37
4151,5209.56
4152,55295.61
4153,5755.0
4154,2547.5
4155,2469.41
4156,7536.06
4157,4993.8
4158,4697.94
4159,6886.48
4160,7395.59
4161,5739.44
4162,4034.75
4163,51822.22
4164,17273.51
4165,6681.54
4166,52577.54
4167,2594.39
4168,4859.21
4169,2126.46
4170,13244.94
4171,5071.5
4172,76627.21
4173,11213.45
4174,5949.0
4175,4861.37
4176,46360.78
4177,71222.03
4178,6496.68
4179,3717.15
4180,11670.45
4181,41142.06
4182,61076.15
4183,6258.77
4184,57725.85
4185,63159.35
4186,3999.0
4187,9512.47
4188,5676.217833333333
4189,4272.81
4190,57163.11
4191,51375.03
4192,3496.65
4193,56016.57
4194,45390.94
4195,66680.28
4196,5892.63
4197,8772.97
4198,2798.6
4199,58584.02
4200,2732.3
4201,50324.84
4202,22236.4
4203,6327.05
4204,6007.56
4205,5484.72
4206,5014.54
4207,35133.66
4208,5162.23
4209,12070.55
4210,40936.0
4211,4526.91
4212,7003.19
4213,7985.2
4214,5108.41
4215,6120.9
4216,51484.37
4217,11405.83
4218,7024.17
4219,5947.59
4220,13102.93
4221,5503.59
4222,3567.16
4223,66241.87
4224,5331.03
4225,7359.82
4226,45744.75
4227,57559.25
4228,3199.05
4229,46136.75
4230,5177.89
4231,54604.85
4232,6315.37
4233,4775.94
4234,11522.18
4235,50269.93
4236,6180.45
4237,11206.55
4238,5867.05
4239,53628.81
4240,10927.11
4241,11138.043333333333
4242,2689.1
4243,4513.94
4244,5792.17
4245,6312.48
4246,3504.0
4247,6331.95
4248,5806.1
4249,2880.08
4250,56813.65
4251,10901.76
4252,8184.17
4253,3994.65
4254,48440.89
4255,3012.12
4256,5063.73
4257,5029.64
4258,6232.2
4259,68798.18
4260,57522.91
4261,3070.24
4262,4215.07
4263,49794.3
4264,3711.91
4265,5863.664166666667
4266,5761.15
4267,45324.75
4268,38635.15
4269,84752.62
4270,10734.22
4271,20958.56
4272,4265.16
4273,2602.95
4274,4092.45
4275,6116.76
4276,5538.96
4277,4075.59
4278,11918.94
4279,48044.47
4280,6391.38
4281,5099.0
4282,6109.34
4283,10708.5
4284,66190.49999999999
4285,6388.62
4286,1975.03
4287,8963.07
4288,47537.01
4289,52357.58
4290,12086.82
4291,7872.39
4292,4645.17
4293,31896.3
4294,5591.85
4295,6193.78
4296,50788.6
4297,19380.89
4298,42065.36
4299,52571.76
4300,51184.47
4301,62657.22
4302,6562.16
4303,16591.92
4304,57990.33
4305,6570.48
4306,82691.06
4307,6345.16
4308,2430.94
4309,52844.66
4310,43527.06
4311,48326.15
4312,27828.69
4313,45585.67
4314,5642.4
4315,58588.51
4316,6151.77
4317,65688.46
4318,50260.7
4319,4092.88
4320,4760.56
4321,7112.81
4322,18430.29
4323,12429.63
4324,62285.63
4325,6496.8
4326,5535.19
4327,5646.8
4328,49649.78
4329,65254.38
4330,5412.73
4331,8501.66
4332,6743.13
4333,44943.92
4334,8149.64
4335,2984.04
4336,76604.09
4337,4048.19
4338,2340.25
4339,54039.15
4340,6500.48
4341,41835.27
4342,4648.82
4343,54513.23
4344,60129.21
4345,5705.87
4346,6048.59
4347,7380.54
4348,3660.92
4349,13183.16
4350,59897.51
4351,5500.06
4352,4910.18
4353,68689.34
4354,4052.24
4355,9441.56
4356,44448.23
4357,49643.24
4358,4195.84
4359,13517.68
4360,4273.81
4361,47998.66
4362,43986.87
4363,4438.61
4364,45887.73
4365,66362.93
4366,63220.18
4367,40764.96
4368,5472.86
4369,47686.06
4370,1428.73
4371,6687.4
4372,63962.37
4373,6160.79
4374,7862.73
4375,59158.0
4376,4560.73
4377,12395.08
4378,34100.57
4379,71673.55
4380,4355.55
4381,56450.27
4382,7406.55
4383,1601.21
4384,71559.44
4385,4258.94
4386,6098.62
4387,4442.16
4388,7387.65
4389,4601.74
4390,11740.92
4391,5030.34
4392,5222.01
4393,6621.48
4394,6300.53
4395,4645.25
4396,60328.69
4397,50451.2
4398,39291.94
4399,70281.53
4400,5335.08
4401,19490.29
4402,59837.61333333333
4403,5777.3
4404,6471.2
4405,1794.06
4406,47711.87
4407,59007.12
4408,5659.34
4409,4292.01
4410,6385.8
4411,5282.2675
4412,4785.37
4413,42520.11
4414,4703.57
4415,8160.77
4416,6936.57
4417,56131.58
4418,5318.3
4419,53547.5
4420,56491.95
4421,6867.29
4422,54722.3
4423,6225.13
4424,5212.2
4425,6109.42
4426,54904.63
4427,2289.82
4428,6910.38
4429,5902.11
4430,47090.86
4431,9980.83
4432,11241.75
4433,6931.9
4434,51244.91
4435,34961.21
4436,3296.72
4437,3125.78
4438,4658.96
4439,6725.505
4440,6623.23
4441,5931.66
4442,19800.37
4443,18684.66
4444,4235.69
4445,52809.89
4446,4432.03
4447,11632.3
4448,4473.62
4449,2969.36
4450,41867.71
4451,5051.78
4452,11006.4
4453,5130.62
4454,10582.325
4455,6056.18
4456,3501.93
4457,5424.09
4458,43778.92
4459,8134.85
4460,6202.49
4461,13563.67
4462,6852.91
4463,6222.27
4464,5466.62
4465,5711.93
4466,10840.44
4467,53770.58
4468,32352.78
4469,11636.22
4470,3150.14
4471,45880.99
4472,7150.15
4473,5312.94
4474,4641.66
4475,49531.34
4476,8964.23
4477,72012.01
4478,4941.52
4479,3311.08
4480,5639.53
4481,59080.57
4482,5259.96
4483,2537.39
4484,32868.68
4485,49482.61
4486,4178.21
4487,11078.38
4488,2972.48
4489,4184.24
4490,50090.16
4491,50201.05
4492,56171.13
4493,7584.67
4494,49773.04
4495,7441.04
4496,46961.44
4497,77289.9
4498,22537.13
4499,58691.05
4500,58016.08
4501,8555.3
4502,6389.17
4503,9182.1
4504,3921.99
4505,11983.133333333335
4506,42816.01
4507,5326.33
4508,5570.95
4509,57010.91
4510,52583.92
4511,4122.16
4512,5585.87
4513,6393.6
4514,5268.47
4515,34006.7
4516,5503.0925
4517,64120.85
4518,4958.88
4519,6665.82
4520,5959.31
4521,15769.92
4522,6843.67
4523,5741.92
4524,11183.39
4525,5675.12
4526,6237.25
4527,5457.32
4528,14724.04
4529,4132.53
4530,2366.71
4531,4557.49
4532,11521.07
4533,59266.11
4534,6514.18
4535,53485.24
4536,57782.68
4537,4591.32
4538,3988.4
4539,5167.33
4540,5468.26
4541,8372.6725
4542,11788.85
4543,52314.67
4544,28362.34
4545,6600.17
4546,49420.2
4547,54485.62
4548,71738.53
4549,5908.92
4550,5366.79
4551,5071.04
4552,5802.85
4553,10173.05
4554,25779.74
4555,9322.37
4556,51567.05
4557,13524.28
4558,13244.99
4559,40577.04
4560,67286.85
4561,7682.38
4562,5723.25
4563,4907.9
4564,3957.51
4565,41296.77
4566,5562.66
4567,11772.16
4568,4906.08
4569,3905.37
4570,4220.02
4571,6324.51
4572,6376.68
4573,7159.88
4574,2467.61
4575,6163.88
4576,6035.33
4577,6133.95
4578,5686.71
4579,1853.03
4580,8064.77
4581,4684.39
4582,55217.22
4583,4300.99
4584,57429.32
4585,2893.83
4586,3069.88
4587,10476.18
4588,53932.28
4589,4273.67
4590,49743.7
4591,10694.09
4592,12974.43
4593,3310.8
4594,38444.66
4595,3701.83
4596,5695.13
4597,7504.82
4598,4721.36
4599,2546.25
4600,6158.42
4601,46080.68
4602,17623.43
4603,57112.59
4604,6424.77
4605,45464.89
4606,7068.93
4607,3491.06
4608,9207.71
4609,4125.28
4610,7040.34
4611,57208.45
4612,67707.04
4613,3997.63
4614,1769.4
4615,56010.29
4616,2442.24
4617,3461.55
4618,4952.34
4619,50034.8
4620,2655.92
4621,9749.88
4622,3009.37
4623,1967.76
4624,9250.63
4625,14273.64
4626,8699.96
4627,36750.31
4628,3264.52
4629,6827.7
4630,11556.01
4631,5688.83
4632,8775.15
4633,71386.41
4634,55794.22
4635,8034.83
4636,53368.53
4637,11630.53
4638,12113.31
4639,40198.56
4640,3685.92
4641,5630.16
4642,8144.09
4643,50271.0
4644,11293.42
4645,3680.68
4646,10330.7
4647,52004.22
4648,2816.8
4649,65814.5
4650,47847.76
4651,13165.04
4652,4338.48
4653,12667.68
4654,42108.42
4655,11433.55
4656,62103.87
4657,64473.58
4658,10861.42
4659,5152.77
4660,60910.47
4661,5136.78
4662,69835.56
4663,15465.63
4664,57160.3
4665,52534.5
4666,5158.28
4667,7247.99
4668,16564.11
4669,5171.24
4670,11232.5
4671,59590.22
4672,11185.36
4673,52710.14
4674,6304.86
4675,55108.21
4676,5283.93
4677,56514.06
4678,42854.06
4679,73738.24
4680,6799.71
4681,4968.01
4682,22783.74
4683,14695.72
4684,57287.61
4685,51563.74
4686,6526.24
4687,44101.7
4688,5464.11
4689,69242.51
4690,8353.01
4691,14963.37
4692,6359.33
4693,56039.97
4694,6638.13
4695,58102.66
4696,6491.94
4697,51117.6
4698,21596.6
4699,27800.91
4700,55759.06464285715
4701,7698.06
4702,6191.71
4703,4256.08
4704,17848.97
4705,8546.44
4706,5934.64
4707,5296.69
4708,2124.56
4709,57207.06
4710,2714.28
4711,4177.7
4712,6453.16
4713,13388.5
4714,5604.33
4715,48902.32
4716,6014.59
4717,4268.79
4718,28191.25
4719,33136.29
4720,53908.69
4721,40986.94
4722,15411.99
4723,31068.86
4724,38724.4
4725,5710.44
4726,5752.58
4727,6480.19
4728,45340.26
4729,4838.5
4730,53786.15
4731,8560.48
4732,69301.97
4733,53524.11
4734,5864.3
4735,54186.58
4736,5155.34
4737,5148.76
4738,49283.79
4739,5331.88
4740,7245.72
4741,49835.28
4742,2865.05
4743,2263.18
4744,5729.52
4745,9552.5
4746,4965.56
4747,49141.59
4748,52301.12
4749,49931.74
4750,6858.565
4751,68640.38283333334
4752,11043.38
4753,6350.06
4754,71829.59
4755,8563.82
4756,3312.0
4757,4410.21
4758,8375.5
4759,2693.6
4760,67905.33
4761,5635.67
4762,43490.39
4763,9133.58
4764,4780.44
4765,10734.52
4766,55886.2
4767,63541.37
4768,71451.05
4769,7041.88
4770,17883.23
4771,4492.64
4772,2637.33
4773,11498.61
4774,49483.17
4775,4159.24
4776,4769.46
4777,49951.01
4778,69067.25
4779,50667.5
4780,3755.84
4781,49301.67
4782,5787.23
4783,44218.28
4784,44061.88
4785,32636.62
4786,5032.21
4787,4756.71
4788,50763.96
4789,6206.141333333333
4790,42442.78
4791,56114.56
4792,7422.58
4793,48865.39
4794,6396.34
4795,83403.58
4796,24357.7
4797,46007.99
4798,8457.69
4799,4912.89
4800,4784.08
4801,2947.08
4802,4456.37
4803,6554.49
4804,5891.9
4805,44068.31
4806,6193.76
4807,4474.6
4808,2705.11
4809,3859.21
4810,5550.97
4811,7682.7
4812,49128.74
4813,6017.51
4814,2940.94
4815,18220.43
4816,8386.51
4817,2804.14
4818,4227.65
4819,3897.13
4820,2899.1
4821,41257.06
4822,62358.48
4823,5032.0
4824,10357.45
4825,8771.16
4826,50538.81
4827,7317.95
4828,5325.95
4829,5614.19
4830,5711.39
4831,7522.68
4832,5860.99
4833,47799.43
4834,5917.66
4835,6006.28
4836,22286.78
4837,54960.82
4838,5048.37
4839,5877.31
4840,62419.21
4841,50307.35
4842,5334.22
4843,52083.66
4844,20430.04
4845,66050.46
4846,5385.11
4847,7787.828571428571
4848,3021.16
4849,44440.79
4850,3541.28
4851,2911.45
4852,6355.7
4853,9570.65
4854,16338.46
4855,4626.39
4856,4542.28
4857,6384.53
4858,5395.64
4859,5392.35
4860,51231.33
4861,7220.65
4862,6297.11
4863,9899.21
4864,43449.49
4865,4291.15
4866,5378.56
4867,3368.64
4868,4739.94
4869,5804.93
4870,6739.03
4871,54270.72
4872,6423.1
4873,10669.29
4874,48336.84
4875,51756.02
4876,6291.51
4877,5804.14
4878,2963.3
4879,47312.39
4880,6518.57
4881,14777.81
4882,52054.7
4883,10655.27
4884,55705.52
4885,59228.58
4886,3406.28
4887,2143.31
4888,7996.37
4889,3512.16
4890,1784.09
4891,56478.05
4892,6150.08
4893,14448.5
4894,8082.73
4895,6432.28
4896,6131.57
4897,13849.56
4898,3390.23
4899,43514.47
4900,5703.21
4901,5994.24
4902,9449.4
4903,7921.92
4904,32810.97
4905,4949.99
4906,67157.4
4907,4788.91
4908,61019.29
4909,2202.11
4910,5008.88
4911,4633.23
4912,6366.59
4913,7996.3
4914,5947.05
4915,60214.44
4916,2464.38
4917,48046.2
4918,49996.13
4919,6689.19
4920,2554.87
4921,74646.74
4922,6623.59
4923,77192.16
4924,5991.6
4925,7654.6
4926,36577.28
4927,12924.95
4928,5931.6
4929,6104.97
4930,52997.53
4931,50367.11
4932,5105.45
4933,4564.51
4934,14186.51
4935,7970.08
4936,5327.79
4937,6257.03
4938,6017.31
4939,42445.31
4940,6271.91
4941,4427.45
4942,6629.38
4943,5517.23
4944,47346.41
4945,53413.29
4946,5524.64
4947,32309.24
4948,7535.49
4949,5236.42
4950,4409.35
4951,38825.34
4952,4700.39
4953,44959.68
4954,2422.42
4955,4292.85
4956,5369.41
4957,4340.17
4958,4675.65
4959,7808.07
4960,4395.21
4961,6236.8
4962,12393.85
4963,5120.83
4964,12952.21
4965,4619.61
4966,56476.0
4967,62982.74
4968,4015.67
4969,2970.72
4970,12600.17
4971,4491.13
4972,4248.52
4973,12734.33
4974,7728.85
4975,6355.96
4976,58624.45
4977,6232.09
4978,4501.24
4979,5097.17
4980,49590.6
4981,4728.84
4982,4389.31
4983,13464.03
4984,3713.06
4985,6086.36
4986,6004.04
4987,3763.3
4988,7023.8
4989,49169.21
4990,27863.29
4991,17700.96
4992,54382.78
4993,7600.14
4994,10516.9
4995,6455.31
4996,59555.05
4997,4471.34
4998,50226.05
4999,48893.33
5000,61090.13
